주야,시군구,사고내용,사망자수,중상자수,경상자수,부상신고자수,사고유형,법규위반,노면상태,기상상태,도로형태,가해운전자 차종,가해운전자 성별,가해운전자 연령대,가해운전자 상해정도,피해운전자 차종,피해운전자 성별,피해운전자 연령대,피해운전자 상해정도,발생일시,Year,Month,총 사상자수
주간,서울특별시 금천구,경상사고,0,0,2,0,차대차 - 기타,안전운전불이행,건조,맑음,교차로 - 교차로안,승용,남,65세 이상,상해없음,승용,남,21-30세,경상,2024-08-01,2024,8,2
주간,서울특별시 금천구,경상사고,0,0,3,0,차대차 - 추돌,안전운전불이행,건조,맑음,단일로 - 기타,승용,남,31-40세,상해없음,승용,남,21-30세,경상,2024-09-01,2024,9,3
주간,서울특별시 금천구,경상사고,0,0,1,0,차대차 - 기타,안전거리미확보,젖음/습기,비,단일로 - 기타,이륜,남,41-50세,경상,자전거,여,65세 이상,상해없음,2024-09-01,2024,9,1
주간,서울특별시 금천구,경상사고,0,0,2,0,차대차 - 충돌,안전운전불이행,건조,맑음,기타 - 기타,승용,여,65세 이상,상해없음,승용,남,21-30세,경상,2024-09-01,2024,9,2
주간,서울특별시 금천구,경상사고,0,0,1,0,차대차 - 충돌,신호위반,건조,맑음,교차로 - 교차로부근,이륜,남,51-60세,상해없음,이륜,남,41-50세,경상,2024-09-01,2024,9,1
주간,서울특별시 금천구,경상사고,0,0,1,0,차대차 - 충돌,안전운전불이행,건조,맑음,교차로 - 교차로안,승용,남,65세 이상,상해없음,원동기,남,41-50세,경상,2024-09-01,2024,9,1
야간,서울특별시 금천구,경상사고,0,0,2,0,차대차 - 충돌,신호위반,건조,맑음,교차로 - 교차로안,승용,남,51-60세,기타불명,특수,남,41-50세,경상,2024-09-01,2024,9,2
주간,서울특별시 금천구,경상사고,0,0,3,0,차대차 - 추돌,안전운전불이행,건조,맑음,단일로 - 기타,승용,남,51-60세,상해없음,승용,남,51-60세,경상,2024-09-01,2024,9,3
야간,서울특별시 금천구,경상사고,0,0,1,0,차대차 - 충돌,안전운전불이행,건조,맑음,교차로 - 교차로안,승합,남,65세 이상,상해없음,원동기,남,21-30세,경상,2024-09-01,2024,9,1
야간,서울특별시 금천구,중상사고,0,1,0,0,차대차 - 기타,안전운전불이행,건조,맑음,교차로 - 교차로안,화물,남,51-60세,상해없음,이륜,남,51-60세,중상,2024-09-01,2024,9,1
주간,서울특별시 금천구,경상사고,0,0,1,0,차대사람 - 횡단중,보행자보호의무위반,젖음/습기,맑음,교차로 - 교차로횡단보도내,승용,남,65세 이상,상해없음,보행자,여,51-60세,경상,2024-09-01,2024,9,1
주간,서울특별시 금천구,부상신고사고,0,0,0,1,차대사람 - 기타,안전운전불이행,건조,맑음,단일로 - 기타,승용,여,21-30세,상해없음,보행자,여,65세 이상,부상신고,2024-09-01,2024,9,1
주간,서울특별시 금천구,중상사고,0,1,0,0,차대차 - 충돌,안전운전불이행,건조,맑음,교차로 - 교차로안,승용,남,51-60세,상해없음,자전거,남,51-60세,중상,2024-09-01,2024,9,1
주간,서울특별시 금천구,경상사고,0,0,2,0,차대사람 - 기타,안전운전불이행,건조,맑음,단일로 - 기타,자전거,남,51-60세,경상,보행자,여,31-40세,경상,2024-09-01,2024,9,2
야간,서울특별시 금천구,경상사고,0,0,1,0,차대차 - 추돌,안전운전불이행,건조,맑음,교차로 - 교차로부근,승용,여,51-60세,상해없음,이륜,남,41-50세,경상,2024-09-01,2024,9,1
주간,서울특별시 금천구,경상사고,0,0,1,0,차대차 - 충돌,안전운전불이행,건조,맑음,교차로 - 교차로부근,원동기,여,21-30세,경상,승용,남,61-64세,상해없음,2024-09-01,2024,9,1
주간,서울특별시 금천구,중상사고,0,1,0,0,차대차 - 충돌,안전운전불이행,건조,맑음,교차로 - 교차로안,승용,남,51-60세,기타불명,이륜,여,21-30세,중상,2024-09-01,2024,9,1
야간,서울특별시 금천구,경상사고,0,0,2,0,차대차 - 추돌,안전운전불이행,젖음/습기,흐림,단일로 - 기타,승용,남,65세 이상,기타불명,승용,남,41-50세,경상,2024-09-01,2024,9,2
주간,서울특별시 금천구,부상신고사고,0,0,0,1,차대사람 - 기타,안전운전불이행,건조,맑음,단일로 - 기타,승용,남,65세 이상,상해없음,보행자,여,65세 이상,부상신고,2024-09-01,2024,9,1
주간,서울특별시 금천구,경상사고,0,0,1,0,차량단독 - 기타,기타,건조,맑음,단일로 - 기타,승합,남,65세 이상,상해없음,해당없음,해당없음,해당없음,해당없음,2024-09-01,2024,9,1
주간,서울특별시 금천구,경상사고,0,0,1,0,차대차 - 기타,안전거리미확보,건조,맑음,기타 - 기타,승용,남,65세 이상,상해없음,승용,여,31-40세,경상,2024-09-01,2024,9,1
야간,서울특별시 금천구,부상신고사고,0,0,0,1,차대차 - 기타,안전운전불이행,건조,맑음,단일로 - 기타,승용,남,65세 이상,상해없음,이륜,남,21-30세,부상신고,2024-09-01,2024,9,1
주간,서울특별시 금천구,중상사고,0,1,0,0,차대사람 - 횡단중,보행자보호의무위반,젖음/습기,비,교차로 - 교차로횡단보도내,승용,남,51-60세,상해없음,보행자,여,61-64세,중상,2024-09-01,2024,9,1
주간,서울특별시 금천구,경상사고,0,0,1,0,차대차 - 기타,안전운전불이행,젖음/습기,비,단일로 - 기타,승용,남,21-30세,상해없음,이륜,남,21-30세,경상,2024-09-01,2024,9,1
주간,서울특별시 금천구,경상사고,0,0,1,0,차대차 - 충돌,안전운전불이행,건조,흐림,교차로 - 교차로안,화물,남,61-64세,상해없음,이륜,남,51-60세,경상,2024-09-01,2024,9,1
주간,서울특별시 금천구,경상사고,0,0,1,0,차대사람 - 횡단중,안전운전불이행,건조,맑음,기타 - 기타,이륜,남,31-40세,상해없음,보행자,여,61-64세,경상,2024-09-01,2024,9,1
주간,서울특별시 금천구,경상사고,0,0,1,0,차대차 - 기타,안전거리미확보,건조,맑음,교차로 - 교차로안,건설기계,남,21-30세,상해없음,승용,남,41-50세,경상,2024-09-01,2024,9,1
주간,서울특별시 금천구,경상사고,0,0,1,0,차대사람 - 기타,안전운전불이행,건조,맑음,단일로 - 기타,이륜,남,65세 이상,상해없음,보행자,남,31-40세,경상,2024-09-01,2024,9,1
주간,서울특별시 금천구,경상사고,0,0,1,0,차대차 - 충돌,안전운전불이행,건조,맑음,기타 - 기타,승합,남,51-60세,상해없음,승용,남,51-60세,경상,2024-09-01,2024,9,1
주간,서울특별시 금천구,경상사고,0,0,1,0,차량단독 - 기타,안전운전불이행,건조,맑음,교차로 - 교차로부근,승합,남,51-60세,상해없음,해당없음,해당없음,해당없음,해당없음,2024-09-01,2024,9,1
주간,서울특별시 금천구,경상사고,0,0,2,0,차대차 - 기타,안전운전불이행,건조,맑음,교차로 - 교차로안,승용,남,65세 이상,상해없음,승용,여,31-40세,경상,2024-09-01,2024,9,2
주간,서울특별시 금천구,경상사고,0,0,2,0,차대차 - 충돌,안전거리미확보,건조,맑음,단일로 - 기타,승용,여,51-60세,경상,승용,남,31-40세,경상,2024-09-01,2024,9,2
야간,서울특별시 금천구,경상사고,0,0,1,0,차대차 - 기타,안전운전불이행,건조,맑음,교차로 - 교차로안,기타불명,기타불명,기타불명,기타불명,승용,남,51-60세,상해없음,2024-09-01,2024,9,1
주간,서울특별시 금천구,경상사고,0,0,1,0,차대차 - 기타,안전운전불이행,건조,맑음,교차로 - 교차로안,승용,남,21-30세,상해없음,승용,남,31-40세,경상,2024-09-01,2024,9,1
주간,서울특별시 금천구,중상사고,0,1,0,0,차대사람 - 기타,기타,건조,맑음,단일로 - 기타,승합,남,51-60세,상해없음,보행자,남,65세 이상,중상,2024-09-01,2024,9,1
주간,서울특별시 금천구,경상사고,0,0,2,0,차대차 - 충돌,안전운전불이행,건조,맑음,기타 - 기타,승용,남,21-30세,경상,승용,남,21-30세,경상,2024-09-01,2024,9,2
야간,서울특별시 금천구,경상사고,0,0,1,0,차대차 - 기타,안전운전불이행,건조,맑음,단일로 - 기타,개인형이동수단(PM),남,31-40세,경상,기타불명,기타불명,기타불명,기타불명,2024-09-01,2024,9,1
야간,서울특별시 금천구,경상사고,0,0,1,0,차대차 - 추돌,안전운전불이행,건조,맑음,교차로 - 교차로안,화물,남,41-50세,상해없음,이륜,여,31-40세,경상,2024-09-01,2024,9,1
주간,서울특별시 금천구,경상사고,0,0,2,0,차대차 - 기타,중앙선침범,건조,맑음,단일로 - 기타,승용,여,41-50세,상해없음,승합,남,51-60세,경상,2024-09-01,2024,9,2
주간,서울특별시 금천구,중상사고,0,1,0,0,차량단독 - 기타,기타,건조,맑음,단일로 - 기타,승합,남,65세 이상,상해없음,해당없음,해당없음,해당없음,해당없음,2024-09-01,2024,9,1
주간,서울특별시 금천구,경상사고,0,0,1,0,차대차 - 충돌,기타,건조,맑음,교차로 - 교차로안,승용,남,51-60세,기타불명,승용,여,31-40세,경상,2024-09-01,2024,9,1
주간,서울특별시 금천구,경상사고,0,0,2,0,차대차 - 충돌,안전거리미확보,건조,맑음,단일로 - 기타,승용,남,61-64세,상해없음,승용,남,31-40세,경상,2024-09-01,2024,9,2
주간,서울특별시 금천구,중상사고,0,1,0,0,차대차 - 충돌,중앙선침범,건조,맑음,교차로 - 교차로안,화물,남,51-60세,상해없음,이륜,여,41-50세,중상,2024-09-01,2024,9,1
야간,서울특별시 금천구,경상사고,0,0,1,0,차대차 - 기타,신호위반,건조,맑음,기타 - 기타,이륜,남,51-60세,기타불명,승용,여,21-30세,경상,2024-09-01,2024,9,1
주간,서울특별시 금천구,경상사고,0,0,1,0,차대차 - 충돌,안전운전불이행,건조,맑음,단일로 - 기타,승용,남,31-40세,상해없음,승합,남,51-60세,경상,2024-09-01,2024,9,1
야간,서울특별시 금천구,경상사고,0,0,1,0,차대차 - 기타,안전운전불이행,건조,맑음,단일로 - 기타,승용,남,51-60세,상해없음,이륜,여,13-20세,경상,2024-09-01,2024,9,1
주간,서울특별시 금천구,경상사고,0,0,1,0,차대차 - 기타,안전운전불이행,건조,맑음,교차로 - 교차로안,이륜,남,21-30세,상해없음,이륜,남,21-30세,경상,2024-09-01,2024,9,1
주간,서울특별시 금천구,중상사고,0,1,0,0,차대차 - 충돌,중앙선침범,건조,맑음,기타 - 기타,승용,남,51-60세,상해없음,이륜,남,41-50세,중상,2024-09-01,2024,9,1
야간,서울특별시 금천구,중상사고,0,1,0,0,차대차 - 기타,안전운전불이행,건조,맑음,교차로 - 교차로안,승용,남,31-40세,상해없음,자전거,남,13-20세,중상,2024-09-01,2024,9,1
야간,서울특별시 금천구,경상사고,0,0,1,0,차대차 - 기타,안전거리미확보,건조,맑음,단일로 - 터널,승용,여,51-60세,상해없음,승용,남,31-40세,경상,2024-09-01,2024,9,1
야간,서울특별시 금천구,부상신고사고,0,0,0,1,차대차 - 충돌,신호위반,건조,맑음,교차로 - 교차로횡단보도내,이륜,남,41-50세,부상신고,자전거,남,13-20세,상해없음,2024-09-01,2024,9,1
야간,서울특별시 금천구,경상사고,0,0,1,0,차대차 - 기타,안전운전불이행,건조,맑음,교차로 - 교차로부근,승용,남,65세 이상,기타불명,승합,남,21-30세,상해없음,2024-09-01,2024,9,1
주간,서울특별시 금천구,경상사고,0,0,1,0,차대차 - 충돌,안전운전불이행,건조,맑음,단일로 - 기타,승용,남,51-60세,상해없음,이륜,남,41-50세,경상,2024-10-01,2024,10,1
야간,서울특별시 금천구,경상사고,0,0,3,0,차대차 - 충돌,안전운전불이행,건조,맑음,교차로 - 교차로안,승용,여,65세 이상,경상,승용,남,65세 이상,경상,2024-10-01,2024,10,3
야간,서울특별시 금천구,경상사고,0,0,1,0,차량단독 - 기타,안전운전불이행,건조,맑음,교차로 - 교차로안,승합,남,51-60세,상해없음,해당없음,해당없음,해당없음,해당없음,2024-10-01,2024,10,1
주간,서울특별시 금천구,중상사고,0,1,0,0,차대사람 - 기타,안전운전불이행,건조,맑음,교차로 - 교차로안,승합,여,21-30세,상해없음,보행자,남,51-60세,중상,2024-10-01,2024,10,1
야간,서울특별시 금천구,경상사고,0,0,1,0,차대차 - 기타,안전운전불이행,건조,맑음,교차로 - 교차로부근,승용,남,31-40세,상해없음,승용,남,41-50세,경상,2024-10-01,2024,10,1
주간,서울특별시 금천구,경상사고,0,0,1,0,차대차 - 기타,기타,건조,맑음,교차로 - 교차로안,이륜,남,51-60세,상해없음,이륜,남,41-50세,경상,2024-10-01,2024,10,1
야간,서울특별시 금천구,경상사고,0,0,1,0,차대사람 - 기타,안전운전불이행,건조,맑음,교차로 - 교차로안,화물,남,65세 이상,상해없음,보행자,여,65세 이상,경상,2024-10-01,2024,10,1
야간,서울특별시 금천구,경상사고,0,0,1,0,차대차 - 추돌,안전운전불이행,건조,맑음,교차로 - 교차로안,승용,남,31-40세,상해없음,승용,남,41-50세,경상,2024-10-01,2024,10,1
주간,서울특별시 금천구,사망사고,1,0,0,0,차대차 - 충돌,중앙선침범,건조,맑음,단일로 - 기타,기타불명,남,65세 이상,사망,승용,여,51-60세,상해없음,2024-10-01,2024,10,1
야간,서울특별시 금천구,경상사고,0,0,1,0,차대차 - 기타,안전운전불이행,건조,맑음,교차로 - 교차로부근,승용,남,41-50세,상해없음,이륜,남,21-30세,경상,2024-10-01,2024,10,1
주간,서울특별시 금천구,경상사고,0,0,2,0,차대차 - 충돌,안전거리미확보,건조,맑음,단일로 - 기타,승용,여,41-50세,상해없음,승용,여,21-30세,경상,2024-10-01,2024,10,2
야간,서울특별시 금천구,경상사고,0,0,1,0,차량단독 - 기타,안전운전불이행,건조,맑음,단일로 - 기타,승합,남,65세 이상,상해없음,해당없음,해당없음,해당없음,해당없음,2024-10-01,2024,10,1
야간,서울특별시 금천구,경상사고,0,0,1,0,차대차 - 기타,안전운전불이행,건조,맑음,단일로 - 기타,승용,남,31-40세,경상,승용,남,31-40세,상해없음,2024-10-01,2024,10,1
주간,서울특별시 금천구,경상사고,0,0,1,0,차대차 - 기타,안전운전불이행,건조,맑음,단일로 - 기타,승합,여,51-60세,상해없음,이륜,남,51-60세,경상,2024-10-01,2024,10,1
야간,서울특별시 금천구,경상사고,0,0,1,0,차대차 - 기타,안전운전불이행,건조,맑음,단일로 - 기타,승용,남,51-60세,상해없음,승용,여,65세 이상,경상,2024-10-01,2024,10,1
야간,서울특별시 금천구,경상사고,0,0,1,0,차대차 - 기타,신호위반,건조,맑음,교차로 - 교차로안,자전거,남,41-50세,경상,승용,남,51-60세,상해없음,2024-10-01,2024,10,1
주간,서울특별시 금천구,경상사고,0,0,1,0,차대차 - 기타,안전운전불이행,건조,맑음,교차로 - 교차로안,이륜,남,61-64세,경상,승용,남,65세 이상,상해없음,2024-10-01,2024,10,1
주간,서울특별시 금천구,중상사고,0,1,0,0,차대차 - 충돌,안전운전불이행,건조,맑음,교차로 - 교차로안,화물,남,41-50세,상해없음,이륜,남,41-50세,중상,2024-10-01,2024,10,1
주간,서울특별시 금천구,경상사고,0,0,1,0,차대차 - 기타,안전운전불이행,건조,맑음,교차로 - 교차로부근,승용,남,41-50세,상해없음,승용,남,31-40세,경상,2024-10-01,2024,10,1
주간,서울특별시 금천구,경상사고,0,0,1,0,차대사람 - 기타,안전운전불이행,건조,맑음,교차로 - 교차로안,승용,여,41-50세,상해없음,보행자,남,65세 이상,경상,2024-10-01,2024,10,1
주간,서울특별시 금천구,경상사고,0,0,1,0,차대차 - 추돌,안전운전불이행,건조,맑음,교차로 - 교차로부근,승용,남,21-30세,기타불명,승합,남,41-50세,경상,2024-10-01,2024,10,1
야간,서울특별시 금천구,경상사고,0,0,1,0,차대차 - 기타,안전운전불이행,건조,맑음,기타 - 기타,승합,남,61-64세,상해없음,승용,남,21-30세,경상,2024-10-01,2024,10,1
주간,서울특별시 금천구,중상사고,0,1,1,0,차대차 - 충돌,안전거리미확보,건조,맑음,단일로 - 기타,승용,남,65세 이상,상해없음,승용,남,65세 이상,상해없음,2024-10-01,2024,10,2
야간,서울특별시 금천구,중상사고,0,1,0,0,차대차 - 충돌,신호위반,건조,맑음,교차로 - 교차로안,승용,남,65세 이상,상해없음,자전거,남,51-60세,중상,2024-10-01,2024,10,1
주간,서울특별시 금천구,중상사고,0,1,1,0,차대차 - 충돌,안전운전불이행,건조,맑음,교차로 - 교차로안,승용,여,51-60세,기타불명,승용,남,31-40세,중상,2024-10-01,2024,10,2
주간,서울특별시 금천구,부상신고사고,0,0,0,1,차대차 - 충돌,안전운전불이행,건조,맑음,단일로 - 기타,개인형이동수단(PM),남,20세 이하,부상신고,승합,남,41-50세,상해없음,2024-10-01,2024,10,1
주간,서울특별시 금천구,경상사고,0,0,1,0,차대차 - 충돌,안전거리미확보,건조,맑음,단일로 - 기타,승용,남,41-50세,상해없음,승용,남,31-40세,경상,2024-10-01,2024,10,1
주간,서울특별시 금천구,경상사고,0,0,1,0,차대사람 - 차도통행중,안전운전불이행,건조,맑음,교차로 - 교차로부근,승용,남,61-64세,상해없음,보행자,남,41-50세,경상,2024-10-01,2024,10,1
주간,서울특별시 금천구,중상사고,0,1,0,0,차대차 - 기타,신호위반,건조,맑음,단일로 - 기타,자전거,남,65세 이상,중상,승용,남,21-30세,상해없음,2024-10-01,2024,10,1
주간,서울특별시 금천구,경상사고,0,0,1,0,차대차 - 추돌,안전운전불이행,건조,맑음,교차로 - 교차로안,승용,남,61-64세,기타불명,승용,남,41-50세,경상,2024-10-01,2024,10,1
주간,서울특별시 금천구,경상사고,0,0,1,0,차대차 - 충돌,안전운전불이행,건조,맑음,교차로 - 교차로부근,승합,남,51-60세,상해없음,승용,여,31-40세,경상,2024-10-01,2024,10,1
주간,서울특별시 금천구,중상사고,0,1,1,0,차대차 - 기타,신호위반,건조,맑음,교차로 - 교차로안,승용,남,21-30세,경상,이륜,남,31-40세,중상,2024-10-01,2024,10,2
야간,서울특별시 금천구,경상사고,0,0,1,0,차대차 - 충돌,안전거리미확보,건조,맑음,단일로 - 기타,승용,여,31-40세,상해없음,승용,여,51-60세,경상,2024-10-01,2024,10,1
주간,서울특별시 금천구,중상사고,0,1,0,0,차대사람 - 기타,안전운전불이행,건조,맑음,단일로 - 기타,건설기계,남,51-60세,상해없음,보행자,남,12세 이하,중상,2024-10-01,2024,10,1
야간,서울특별시 금천구,중상사고,0,1,0,0,차대차 - 기타,안전운전불이행,건조,맑음,단일로 - 기타,승용,남,61-64세,상해없음,승용,남,31-40세,중상,2024-10-01,2024,10,1
야간,서울특별시 금천구,경상사고,0,0,1,0,차대차 - 추돌,안전운전불이행,건조,맑음,교차로 - 교차로안,승용,여,31-40세,상해없음,승용,여,31-40세,경상,2024-10-01,2024,10,1
야간,서울특별시 금천구,사망사고,1,0,0,0,차대사람 - 기타,안전운전불이행,건조,맑음,기타 - 기타,화물,남,65세 이상,상해없음,보행자,여,65세 이상,사망,2024-10-01,2024,10,1
주간,서울특별시 금천구,경상사고,0,0,2,0,차대차 - 충돌,안전운전불이행,건조,맑음,교차로 - 교차로부근,원동기,남,41-50세,경상,승용,남,31-40세,경상,2024-10-01,2024,10,2
주간,서울특별시 금천구,경상사고,0,0,1,0,차대차 - 기타,안전운전불이행,건조,맑음,교차로 - 교차로부근,승용,남,61-64세,상해없음,이륜,남,31-40세,경상,2024-10-01,2024,10,1
주간,서울특별시 금천구,경상사고,0,0,1,0,차대차 - 기타,안전운전불이행,건조,맑음,교차로 - 교차로안,승용,남,21-30세,상해없음,이륜,남,41-50세,경상,2024-10-01,2024,10,1
주간,서울특별시 금천구,중상사고,0,1,0,0,차량단독 - 기타,기타,건조,맑음,단일로 - 기타,승합,남,51-60세,상해없음,해당없음,해당없음,해당없음,해당없음,2024-10-01,2024,10,1
야간,서울특별시 금천구,경상사고,0,0,1,0,차대차 - 충돌,안전운전불이행,건조,맑음,교차로 - 교차로안,승용,여,41-50세,상해없음,승용,여,31-40세,경상,2024-10-01,2024,10,1
야간,서울특별시 금천구,경상사고,0,0,1,0,차대차 - 기타,안전운전불이행,건조,맑음,기타 - 기타,자전거,남,41-50세,경상,승용,남,51-60세,상해없음,2024-10-01,2024,10,1
야간,서울특별시 금천구,중상사고,0,1,1,0,차대차 - 추돌,안전운전불이행,건조,맑음,단일로 - 기타,승용,남,31-40세,상해없음,승용,남,41-50세,중상,2024-10-01,2024,10,2
주간,서울특별시 금천구,경상사고,0,0,1,0,차대차 - 충돌,안전운전불이행,건조,맑음,단일로 - 기타,승용,남,21-30세,상해없음,승용,남,21-30세,경상,2024-10-01,2024,10,1
주간,서울특별시 금천구,경상사고,0,0,2,0,차대차 - 충돌,기타,건조,맑음,교차로 - 교차로안,승용,여,41-50세,경상,승용,남,65세 이상,경상,2024-10-01,2024,10,2
야간,서울특별시 금천구,경상사고,0,0,1,0,차대사람 - 보도통행중,기타,젖음/습기,비,교차로 - 교차로부근,원동기,여,31-40세,상해없음,보행자,여,65세 이상,경상,2024-10-01,2024,10,1
야간,서울특별시 금천구,경상사고,0,0,1,0,차대차 - 기타,안전운전불이행,젖음/습기,비,주차장 - 주차장,승용,여,61-64세,상해없음,승용,남,41-50세,경상,2024-10-01,2024,10,1
주간,서울특별시 금천구,경상사고,0,0,1,0,차대차 - 추돌,안전운전불이행,건조,맑음,교차로 - 교차로부근,승용,남,65세 이상,상해없음,승용,남,31-40세,경상,2024-10-01,2024,10,1
주간,서울특별시 금천구,중상사고,0,1,0,0,차대차 - 충돌,신호위반,건조,맑음,교차로 - 교차로안,자전거,여,61-64세,중상,승용,여,41-50세,상해없음,2024-10-01,2024,10,1
주간,서울특별시 금천구,경상사고,0,0,1,0,차대차 - 기타,안전운전불이행,건조,맑음,단일로 - 기타,승용,남,65세 이상,상해없음,승용,남,31-40세,경상,2024-10-01,2024,10,1
야간,서울특별시 금천구,경상사고,0,0,1,0,차대차 - 충돌,중앙선침범,건조,맑음,단일로 - 기타,화물,남,51-60세,상해없음,이륜,남,31-40세,경상,2024-10-01,2024,10,1
주간,서울특별시 금천구,경상사고,0,0,1,0,차대차 - 기타,안전운전불이행,건조,맑음,교차로 - 교차로부근,이륜,남,31-40세,경상,화물,남,51-60세,상해없음,2024-10-01,2024,10,1
야간,서울특별시 금천구,경상사고,0,0,1,0,차대사람 - 기타,안전운전불이행,건조,맑음,교차로 - 교차로안,승용,남,21-30세,상해없음,보행자,여,21-30세,경상,2024-10-01,2024,10,1
야간,서울특별시 금천구,경상사고,0,0,1,0,차대차 - 기타,안전운전불이행,건조,맑음,단일로 - 기타,승용,여,31-40세,상해없음,이륜,남,41-50세,경상,2024-10-01,2024,10,1
주간,서울특별시 금천구,경상사고,0,0,1,0,차대차 - 기타,안전운전불이행,건조,맑음,기타 - 기타,승용,남,65세 이상,기타불명,이륜,남,31-40세,경상,2024-10-01,2024,10,1
주간,서울특별시 금천구,중상사고,0,1,1,0,차대차 - 충돌,안전거리미확보,건조,맑음,단일로 - 기타,승용,남,51-60세,경상,승용,남,41-50세,중상,2024-10-01,2024,10,2
주간,서울특별시 금천구,경상사고,0,0,1,0,차량단독 - 기타,안전운전불이행,건조,맑음,기타 - 기타,승합,남,41-50세,상해없음,해당없음,해당없음,해당없음,해당없음,2024-10-01,2024,10,1
주간,서울특별시 금천구,경상사고,0,0,1,0,차대차 - 기타,안전운전불이행,건조,맑음,교차로 - 교차로부근,승용,여,61-64세,상해없음,승용,남,31-40세,경상,2024-10-01,2024,10,1
야간,서울특별시 금천구,경상사고,0,0,2,0,차대차 - 기타,안전운전불이행,건조,맑음,단일로 - 기타,승용,여,41-50세,상해없음,승용,남,21-30세,경상,2024-10-01,2024,10,2
야간,서울특별시 금천구,중상사고,0,1,0,0,차대차 - 추돌,안전운전불이행,건조,맑음,교차로 - 교차로부근,승용,남,61-64세,상해없음,이륜,남,61-64세,중상,2024-10-01,2024,10,1
야간,서울특별시 금천구,경상사고,0,0,1,0,차대차 - 추돌,안전운전불이행,건조,맑음,교차로 - 교차로부근,승용,남,61-64세,상해없음,승용,남,41-50세,경상,2024-10-01,2024,10,1
야간,서울특별시 금천구,중상사고,0,1,0,0,차량단독 - 기타,안전운전불이행,건조,맑음,단일로 - 기타,승합,남,51-60세,상해없음,해당없음,해당없음,해당없음,해당없음,2024-10-01,2024,10,1
야간,서울특별시 금천구,경상사고,0,0,2,0,차대차 - 기타,안전거리미확보,건조,맑음,기타 - 기타,승용,여,51-60세,상해없음,승용,남,31-40세,경상,2024-10-01,2024,10,2
주간,서울특별시 금천구,중상사고,0,1,0,0,차대사람 - 기타,안전운전불이행,건조,맑음,교차로 - 교차로안,화물,남,61-64세,상해없음,보행자,남,65세 이상,중상,2024-10-01,2024,10,1
주간,서울특별시 금천구,경상사고,0,0,1,0,차대차 - 충돌,신호위반,건조,맑음,교차로 - 교차로안,승용,남,65세 이상,상해없음,승용,남,31-40세,경상,2024-10-01,2024,10,1
주간,서울특별시 금천구,경상사고,0,0,1,0,차대사람 - 횡단중,보행자보호의무위반,건조,맑음,단일로 - 기타,승용,여,31-40세,상해없음,보행자,여,21-30세,경상,2024-10-01,2024,10,1
주간,서울특별시 금천구,경상사고,0,0,1,0,차대사람 - 기타,안전운전불이행,건조,맑음,단일로 - 기타,승용,여,41-50세,상해없음,보행자,남,65세 이상,경상,2024-10-01,2024,10,1
야간,서울특별시 금천구,중상사고,0,1,0,0,차대차 - 기타,신호위반,건조,맑음,교차로 - 교차로안,승용,여,21-30세,상해없음,개인형이동수단(PM),남,41-50세,중상,2024-10-01,2024,10,1
야간,서울특별시 금천구,경상사고,0,0,1,0,차대차 - 충돌,안전운전불이행,건조,맑음,교차로 - 교차로안,승용,남,41-50세,기타불명,원동기,남,21-30세,경상,2024-11-01,2024,11,1
주간,서울특별시 금천구,경상사고,0,0,1,0,차대차 - 충돌,안전거리미확보,건조,맑음,교차로 - 교차로안,화물,남,51-60세,상해없음,승용,남,65세 이상,상해없음,2024-11-01,2024,11,1
주간,서울특별시 금천구,경상사고,0,0,1,0,차대차 - 충돌,안전거리미확보,건조,맑음,단일로 - 기타,승용,남,41-50세,상해없음,승용,여,41-50세,경상,2024-11-01,2024,11,1
야간,서울특별시 금천구,경상사고,0,0,1,0,차대사람 - 횡단중,보행자보호의무위반,건조,맑음,교차로 - 교차로횡단보도내,승합,남,65세 이상,상해없음,보행자,여,21-30세,경상,2024-11-01,2024,11,1
주간,서울특별시 금천구,경상사고,0,0,1,0,차대사람 - 기타,안전운전불이행,건조,맑음,단일로 - 기타,승합,남,61-64세,상해없음,보행자,남,61-64세,경상,2024-11-01,2024,11,1
야간,서울특별시 금천구,경상사고,0,0,3,0,차대차 - 기타,안전운전불이행,건조,맑음,단일로 - 기타,승용,남,31-40세,상해없음,승용,여,61-64세,경상,2024-11-01,2024,11,3
야간,서울특별시 금천구,경상사고,0,0,1,0,차대차 - 충돌,안전거리미확보,건조,맑음,단일로 - 기타,화물,남,65세 이상,상해없음,승용,남,21-30세,경상,2024-11-01,2024,11,1
주간,서울특별시 금천구,경상사고,0,0,1,0,차대차 - 기타,안전거리미확보,건조,맑음,교차로 - 교차로부근,승용,여,41-50세,경상,기타불명,기타불명,기타불명,기타불명,2024-11-01,2024,11,1
주간,서울특별시 금천구,경상사고,0,0,1,0,차대차 - 충돌,중앙선침범,건조,맑음,교차로 - 교차로안,승용,여,65세 이상,상해없음,승용,여,31-40세,경상,2024-11-01,2024,11,1
주간,서울특별시 금천구,경상사고,0,0,1,0,차대차 - 기타,안전운전불이행,건조,맑음,교차로 - 교차로안,승합,남,41-50세,상해없음,승용,남,65세 이상,경상,2024-11-01,2024,11,1
주간,서울특별시 금천구,경상사고,0,0,1,0,차대차 - 충돌,안전운전불이행,건조,맑음,교차로 - 교차로부근,승용,남,65세 이상,상해없음,이륜,남,21-30세,경상,2024-11-01,2024,11,1